#7
********* QUERY **********
CREATE TABLE my_stocks
  (
     symbol        VARCHAR(20) NOT NULL,
     n_shares      INTEGER NOT NULL,
     date_acquired DATE NOT NULL
  );
**************************
#8
********* QUERY **********
CREATE TABLE stock_prices AS (SELECT symbol,CURRENT_DATE,31.415 AS price FROM my_stocks);
**************************


********* QUERY **********
CREATE TABLE newly_acquired_stocks
   (
     symbol        VARCHAR(20) NOT NULL,
     n_shares      INTEGER NOT NULL,
     date_acquired DATE NOT NULL
);
**************************

********* QUERY **********
CREATE TABLE stock_prices AS (SELECT symbol,CURRENT_DATE,31.415 AS price FROM my_stocks);
**************************

********* QUERY **********
INSERT INTO newly_acquired_stocks
SELECT symbol,
       n_shares,
       date_acquired
FROM   my_stocks
WHERE  n_shares =1;
**************************

INSERT 0 3
#9
********* QUERY **********
SELECT M.symbol,
       M.n_shares,
       S.price,
       (M.n_shares * S.price) AS current_value
FROM   my_stocks AS M,
       stock_prices AS S
WHERE  M.symbol = S.symbol;
**************************

 symbol  | n_shares | price | current_value
---------+----------+-------+---------------
 levis   |        1 |   530 |           530
 kappa   |        2 |   530 |          1060
 denim   |       20 |   766 |         15320
 wrogn   |        5 |   446 |          2230
 tommy   |       50 |   319 |         15950
 levis   |        1 |   530 |           530
 kappa   |        2 |   530 |          1060
 denim   |       20 |   766 |         15320
 kappa   |        2 |   530 |          1060
 denim   |       20 |   766 |         15320
 levis   |        1 |   530 |           530
 wrogn   |        5 |   446 |          2230
 tommy   |       50 |   319 |         15950
(13 rows)


#10
********* QUERY **********
INSERT INTO my_stocks VALUES ('nike',12,'2019/10/03');
**************************

INSERT 0 1
********* QUERY **********
SELECT M.symbol,
       M.n_shares,
       S.price,
       (M.n_shares * S.price) AS current_value
FROM   my_stocks AS M
       FULL OUTER JOIN stock_prices AS S
                    ON M.symbol = S.symbol;
**************************

 symbol  | n_shares | price | current_value
---------+----------+-------+---------------
 levis   |        1 |   530 |           530
 kappa   |        2 |   530 |          1060
 denim   |       20 |   766 |         15320
 wrogn   |        5 |   446 |          2230
 nike    |       12 |       |
 tommy   |       50 |   319 |         15950
 levis   |        1 |   530 |           530
 kappa   |        2 |   530 |          1060
 denim   |       20 |   766 |         15320
 kappa   |        2 |   530 |          1060
 denim   |       20 |   766 |         15320
 levis   |        1 |   530 |           530
 wrogn   |        5 |   446 |          2230
 tommy   |       50 |   319 |         15950
 nike    |       12 |       |
(15 rows)


#11
********* QUERY **********
CREATE FUNCTION return_stock_value(symbol varchar)
returns           integer AS $$
DECLARE character char;
ascii_value       int;
begin
  ascii_value = 0;
  for i IN 1..length(symbol)
  loop
	character = substring(symbol FROM i FOR 1);
  	ascii_value = ascii_value + ascii(character);
  end loop;
  return ascii_value;
end;
$$ language plpgsql;
**************************

********* QUERY **********
UPDATE stock_prices
SET    price = return_stock_value(symbol)
WHERE  symbol IN (SELECT symbol
                  FROM   my_stocks);
**************************

UPDATE 5
********* QUERY **********
CREATE OR REPLACE FUNCTION return_portfolio()
returns TABLE(symbol varchar(20), acquired date, price_per_share decimal,current_value decimal) AS $$
BEGIN
  RETURN query
  SELECT m.symbol,
         m.date_acquired,
	 s.price,
         (s.price * m.n_shares) AS current_value
  FROM   my_stocks                       AS m,
         stock_prices                    AS s
  WHERE  m.symbol = s.symbol;
END
$$ language plpgsql;
**************************

CREATE FUNCTION
********* QUERY **********
CREATE OR REPLACE FUNCTION value_portfolio()
RETURNS void AS $$

    DECLARE v_id varchar(10);
    DECLARE v_price float;
    DECLARE v_num_shares integer;
    DECLARE v_total_price float;
    DECLARE cx CURSOR FOR SELECT a.symbol,
       a.n_shares,
       b.price,
       (a.n_shares * b.price) AS current_value
FROM   my_stocks AS a,
       stock_prices AS b
WHERE  a.symbol = b.symbol;


  BEGIN
    OPEN cx;
    -- fetch each record
    LOOP
    FETCH cx INTO v_id, v_price, v_num_shares, v_total_price ;
    EXIT WHEN NOT FOUND;
    RAISE NOTICE 'Stock: %, Price: %, Number of Shares: %, Total Price: %', v_id, v_price, v_num_shares, v_total_price ;

    END LOOP;
    CLOSE cx;
  END;
  $$ LANGUAGE plpgsql;
**************************


#12
CREATE FUNCTION
********* QUERY **********
INSERT INTO my_stocks
SELECT M.symbol,
       M.n_shares,
       CURRENT_DATE AS date_acquired
FROM   stock_prices S,
       my_stocks M
WHERE  S.symbol = M.symbol
       AND S.price > (SELECT Avg(price) FROM stock_prices);
**************************

INSERT 0 9
********* QUERY **********
SELECT symbol,
       Sum(n_shares) AS total_shares
FROM   my_stocks
GROUP  BY symbol;
**************************

   symbol   | total_shares
------------+--------------
 denim      |          120
 wrogn      |           10
 tommy      |          100
 levis      |            6
 nike       |           24
 kappa      |           12
(6 rows)

********* QUERY **********
SELECT M.symbol,
       Sum(M.n_shares * S.price) AS total_value
FROM   my_stocks M
       INNER JOIN stock_prices S
               ON S.symbol = M.symbol
GROUP  BY M.symbol;
**************************

 symbol  | total_value
---------+-------------
 denim   |       91920
 wrogn   |        4460
 tommy   |       31900
 levis   |        3180
 kappa   |        6360
(5 rows)

********* QUERY **********
SELECT M.symbol,
       Sum(M.n_shares) AS total_shares,
       Sum(M.n_shares * S.price) AS total_value
FROM   my_stocks M
       INNER JOIN stock_prices S
               ON S.symbol = M.symbol
GROUP  BY M.symbol
HAVING COUNT(M.symbol) >= 2;
**************************

 symbol  | total_shares | total_value
---------+--------------+-------------
 denim   |          120 |       91920
 wrogn   |           10 |        4460
 tommy   |          100 |       31900
 levis   |            6 |        3180
 kappa   |           12 |        6360
(5 rows)


#13
********* QUERY **********
CREATE VIEW stocks_i_like
AS
  SELECT M.symbol,
         Sum(M.n_shares)           AS total_shares,
         Sum(M.n_shares * S.price) AS total_value
  FROM   my_stocks M
         INNER JOIN stock_prices S
                 ON S.symbol = M.symbol
  GROUP  BY M.symbol
  HAVING Count(M.symbol) >= 2;
**************************
symbol  | total_shares | total_value
---------+--------------+-------------
 denim   |          120 |       91920
 wrogn   |           10 |        4460
 tommy   |          100 |       31900
 levis   |            6 |        3180
 kappa   |           12 |        6360
(5 rows)
